,loss,categorical_accuracy,auc_18,val_loss,val_categorical_accuracy,val_auc_18,val_preds
0,1.8288047313690186,0.3746874928474426,0.7897635698318481,1.1469886302947998,0.6625844836235046,0.9380674362182617,"[[1.42802894e-01 1.76934972e-01 1.17728673e-01 ... 8.03384259e-02
  8.65875110e-02 1.27322942e-01]
 [2.99526572e-01 3.02817732e-01 2.82966942e-02 ... 2.61961631e-02
  2.36800499e-02 8.04585367e-02]
 [1.64730921e-02 6.49825018e-03 3.40572417e-01 ... 2.46646721e-03
  9.83682345e-04 4.25199091e-01]
 ...
 [4.82001938e-02 4.29282039e-02 4.28992994e-02 ... 5.11949539e-01
  3.28684151e-01 1.49240997e-02]
 [4.94061795e-04 1.12102316e-04 1.17457159e-01 ... 3.19018291e-04
  4.28336859e-03 1.02250709e-03]
 [1.10823058e-01 3.97012122e-02 3.81087363e-01 ... 1.85493268e-02
  4.33293805e-02 7.61093721e-02]]"
1,1.125960350036621,0.6449999809265137,0.9293915033340454,0.8280550837516785,0.7542229890823364,0.9689716100692749,"[[6.9746420e-02 2.5509536e-01 4.1045949e-02 ... 8.7153323e-02
  6.1692789e-02 1.6358590e-01]
 [4.8018345e-01 1.3445309e-01 1.7084075e-03 ... 9.0668621e-03
  1.2091985e-03 9.9782333e-02]
 [9.8722642e-03 5.4283551e-04 4.2522544e-01 ... 2.8841599e-04
  7.2147818e-06 4.5969439e-01]
 ...
 [1.7238082e-02 1.6610531e-02 2.0621861e-03 ... 8.0245841e-01
  1.5280002e-01 2.7269498e-03]
 [5.2357634e-09 7.2374523e-10 2.9289821e-04 ... 7.0289259e-09
  1.1117809e-06 1.1635794e-10]
 [7.6293778e-03 4.2378926e-03 1.7039162e-01 ... 2.8381052e-03
  1.3205976e-02 2.6845664e-03]]"
2,0.9053394794464111,0.7197916507720947,0.9544888734817505,0.7097906470298767,0.7998310923576355,0.9775089025497437,"[[6.05410114e-02 2.10478097e-01 7.92021155e-02 ... 9.89382640e-02
  1.96815044e-01 5.54999523e-02]
 [4.73152310e-01 1.87627107e-01 4.84414311e-04 ... 4.58110170e-03
  2.44949129e-04 3.06440163e-02]
 [1.61086780e-03 6.02670538e-04 4.12222117e-01 ... 6.09854877e-04
  1.32114765e-05 5.24505138e-01]
 ...
 [1.57093089e-02 3.07421405e-02 1.80978107e-03 ... 8.09234917e-01
  1.35303974e-01 1.94312702e-03]
 [3.44642648e-09 8.39442293e-10 3.18137929e-04 ... 3.81219145e-09
  6.87579984e-07 1.72163048e-11]
 [1.27505301e-03 9.49265610e-04 1.14050232e-01 ... 8.41988192e-04
  1.43343657e-02 3.19916260e-04]]"
3,0.8133227825164795,0.7552083134651184,0.9631611108779907,0.6071348786354065,0.8407939076423645,0.9823797941207886,"[[4.50471416e-02 2.70573169e-01 6.04470000e-02 ... 6.04820997e-02
  1.89431340e-01 3.36175598e-02]
 [6.51382565e-01 1.51088089e-01 1.18471304e-04 ... 7.60517432e-04
  2.71353856e-05 8.78272299e-03]
 [8.97946476e-04 2.02633440e-04 8.18823278e-01 ... 2.16474036e-05
  1.69715076e-06 1.16842717e-01]
 ...
 [1.32077970e-02 1.56187955e-02 1.87621138e-03 ... 7.55527198e-01
  2.09604785e-01 7.19105243e-04]
 [4.17662349e-09 1.40805789e-09 1.56715076e-04 ... 6.48216758e-10
  1.94968550e-07 1.65479707e-12]
 [2.80704116e-04 4.14009584e-04 5.28469682e-02 ... 1.29022519e-04
  3.41465930e-03 6.27122135e-05]]"
4,0.7578151226043701,0.7740625143051147,0.9678893089294434,0.6168360710144043,0.8293918967247009,0.9823650121688843,"[[6.8455055e-02 3.6233249e-01 4.3519143e-02 ... 5.9907958e-02
  1.0499608e-01 3.9577141e-02]
 [5.0072724e-01 2.3649223e-01 3.4091395e-04 ... 1.3689231e-03
  6.5598389e-05 1.5169765e-02]
 [1.3809899e-03 5.1786087e-04 6.3923901e-01 ... 1.0942041e-04
  1.0228944e-05 2.6723260e-01]
 ...
 [1.7645793e-02 1.2259372e-02 1.4789260e-03 ... 8.7940294e-01
  8.3516523e-02 2.3998930e-03]
 [3.8402832e-09 1.6449853e-09 2.8376868e-05 ... 6.0112076e-10
  6.0095857e-08 1.0298202e-12]
 [3.3472726e-04 4.0556677e-04 2.5745714e-02 ... 7.4572694e-05
  1.4321208e-03 5.6617228e-05]]"
5,0.7235580086708069,0.788281261920929,0.9708390235900879,0.5327352285385132,0.8648648858070374,0.9861294031143188,"[[3.27175781e-02 2.53657669e-01 4.08272259e-02 ... 5.40419258e-02
  2.63907850e-01 1.87843256e-02]
 [5.43753505e-01 1.64794609e-01 1.62455122e-04 ... 8.60470522e-04
  1.97201880e-05 1.00970399e-02]
 [2.29415571e-04 7.69771359e-05 8.25047493e-01 ... 5.59944965e-06
  1.80496386e-06 1.72423720e-02]
 ...
 [7.78832939e-03 3.62192350e-03 3.39748221e-04 ... 8.73325706e-01
  1.14204593e-01 3.01764783e-04]
 [7.77289511e-10 5.56065638e-10 1.31848574e-05 ... 3.61249052e-11
  2.70646905e-09 1.04594928e-13]
 [8.25287789e-05 6.75784686e-05 2.66217347e-02 ... 1.50372925e-05
  9.93250636e-04 1.93158539e-05]]"
6,0.6852416396141052,0.7999479174613953,0.9738991260528564,0.5468112826347351,0.8454391956329346,0.9856468439102173,"[[3.6118556e-02 2.7249116e-01 2.7275920e-02 ... 8.0117196e-02
  3.1155404e-01 1.3813697e-02]
 [4.8941126e-01 1.6916920e-01 1.2285798e-04 ... 4.0228604e-04
  9.4044317e-06 1.2806946e-02]
 [1.5048911e-04 2.9385427e-04 6.4790404e-01 ... 3.1343377e-05
  7.1510826e-06 6.0655825e-02]
 ...
 [1.1253752e-03 8.9914218e-04 5.7345682e-05 ... 9.7262377e-01
  2.4854766e-02 2.5589054e-04]
 [2.2443654e-09 7.4599509e-09 6.1387041e-06 ... 1.2934104e-10
  2.2863157e-08 1.3761537e-13]
 [7.0172660e-05 2.6399796e-04 1.4704552e-02 ... 1.4059811e-05
  7.0755352e-04 2.7046464e-05]]"
7,0.6767587065696716,0.8004166483879089,0.9746440052986145,0.5203378200531006,0.8648648858070374,0.9872759580612183,"[[2.7030066e-02 1.8181486e-01 6.7233860e-02 ... 3.9833892e-02
  3.4937984e-01 2.1367876e-02]
 [2.0503868e-01 1.7241438e-01 2.9177437e-04 ... 4.1023866e-04
  1.6078504e-05 3.3825880e-03]
 [2.4015976e-04 4.9096614e-04 7.9752004e-01 ... 2.8796683e-05
  2.0037367e-05 3.0570820e-02]
 ...
 [5.3496649e-03 3.2384417e-03 3.9632627e-04 ... 9.3872583e-01
  5.1307082e-02 5.9603126e-04]
 [2.7610174e-09 4.5046358e-09 7.7472287e-06 ... 1.7616725e-10
  3.3034528e-09 1.8329092e-13]
 [1.5483961e-04 4.5419706e-04 2.3414997e-02 ... 4.1781121e-05
  2.7490640e-03 7.1403687e-05]]"
8,0.6597785353660583,0.8079687356948853,0.9759567975997925,0.5048724412918091,0.8661317825317383,0.9884263873100281,"[[3.9210487e-02 2.6925123e-01 4.3804105e-02 ... 6.2408511e-02
  2.3175579e-01 1.8038845e-02]
 [3.0627319e-01 1.4001156e-01 1.8555315e-03 ... 7.4167945e-04
  4.3586013e-05 2.9845247e-02]
 [8.3790226e-05 1.0301599e-04 8.8665879e-01 ... 1.9426812e-05
  7.0334563e-06 7.0185430e-02]
 ...
 [3.1088868e-03 1.3015580e-03 1.4438554e-04 ... 9.7572225e-01
  1.9249557e-02 3.3825522e-04]
 [1.1064068e-08 8.2602041e-09 7.7364357e-06 ... 1.2047139e-09
  7.1604416e-09 6.4515944e-13]
 [2.9910458e-04 9.0448948e-04 5.5307411e-02 ... 7.7639001e-05
  6.9863778e-03 3.0954386e-04]]"
9,0.6406621932983398,0.8146353960037231,0.9772130250930786,0.5568918585777283,0.8395270109176636,0.9845369458198547,"[[6.3812956e-02 1.0490192e-01 1.3977040e-01 ... 9.3763955e-02
  3.1374556e-01 7.3764034e-02]
 [6.0763795e-02 4.4075486e-01 5.8815919e-04 ... 1.9292484e-04
  8.4984051e-05 1.4447529e-03]
 [2.9876400e-04 7.9801568e-04 6.6752201e-01 ... 3.9780869e-05
  1.7010198e-05 3.0354410e-02]
 ...
 [2.9863445e-03 1.2152394e-03 1.3290919e-04 ... 9.1631156e-01
  7.9179376e-02 7.1267874e-05]
 [1.5601174e-08 8.1639605e-08 5.4893048e-06 ... 3.6172837e-10
  4.6363603e-08 7.7233462e-13]
 [1.5454902e-04 2.4181748e-04 3.3954680e-02 ... 2.1703136e-05
  3.3272966e-04 6.8266192e-05]]"
10,0.6428385972976685,0.8141145706176758,0.9772464632987976,0.4904330372810364,0.8758445978164673,0.9885939955711365,"[[3.8347978e-02 1.7511456e-01 9.9565193e-02 ... 5.3197995e-02
  3.1182137e-01 3.3078313e-02]
 [2.9427806e-01 1.3675500e-01 2.5266022e-04 ... 2.1142245e-04
  6.5179920e-06 7.9230061e-03]
 [1.4898184e-04 4.0915886e-05 7.7053708e-01 ... 2.2252754e-05
  8.3998873e-07 2.1038781e-01]
 ...
 [5.9123309e-03 1.6251733e-03 1.7587283e-04 ... 9.3214047e-01
  5.9948806e-02 7.8825957e-05]
 [7.3094752e-09 1.0877530e-08 1.2981180e-05 ... 7.6007350e-10
  5.8564260e-09 1.2897149e-12]
 [7.4096571e-04 6.9529266e-04 2.1434657e-02 ... 2.0386161e-04
  2.0479080e-03 7.7779616e-05]]"
11,0.6184566020965576,0.8265104293823242,0.9789934754371643,0.49250122904777527,0.8724662065505981,0.9889782667160034,"[[5.7480805e-02 2.6086250e-01 6.5995105e-02 ... 7.2736651e-02
  2.9290974e-01 2.6042430e-02]
 [9.5199712e-02 1.7087261e-01 7.4937125e-05 ... 1.4125668e-04
  4.8808738e-06 9.7759278e-04]
 [2.0520056e-04 1.3092119e-04 8.8702720e-01 ... 2.0446987e-05
  3.0655756e-06 7.4985541e-02]
 ...
 [4.4593699e-03 9.9720387e-04 7.2934381e-05 ... 9.8625278e-01
  7.5832098e-03 5.0071761e-04]
 [1.0459008e-08 4.7611454e-08 6.7362716e-06 ... 3.1949182e-10
  7.2206978e-09 2.7404598e-12]
 [1.4016004e-03 2.5965564e-03 5.2744359e-02 ... 3.3848704e-04
  3.5653587e-03 6.4477883e-04]]"
12,0.6193587779998779,0.8239583373069763,0.9791965484619141,0.4750068783760071,0.8800675868988037,0.9893319606781006,"[[1.6627064e-02 1.4233780e-01 3.5479791e-02 ... 3.8336277e-02
  4.5413536e-01 7.2672050e-03]
 [2.1981461e-01 1.6110724e-01 8.8748939e-06 ... 2.3024202e-05
  4.0126173e-07 3.2582475e-04]
 [5.9372560e-05 5.9676036e-05 9.0808541e-01 ... 7.7293762e-06
  2.0294913e-06 6.0022466e-02]
 ...
 [2.9613916e-03 6.1613903e-04 1.2514472e-04 ... 9.6458155e-01
  3.1592049e-02 5.2002622e-05]
 [1.2334843e-08 4.4895188e-08 1.4652287e-05 ... 2.8802355e-10
  9.1245953e-09 6.6538849e-12]
 [3.5429679e-05 1.9028336e-04 2.8470775e-02 ... 2.1632482e-05
  7.4606983e-04 4.6722333e-05]]"
13,0.5912989377975464,0.8316145539283752,0.9814302921295166,0.4683693051338196,0.884712815284729,0.9897929430007935,"[[3.2594316e-02 2.8408128e-01 6.6475697e-02 ... 2.3708528e-02
  2.4874362e-01 2.5430109e-02]
 [1.1113390e-01 7.1158238e-02 3.4149285e-04 ... 4.1728104e-05
  8.1984462e-07 5.6089861e-03]
 [1.6480708e-05 7.1180971e-06 9.3518400e-01 ... 3.1123188e-06
  2.8716505e-07 5.3538792e-02]
 ...
 [1.1801001e-02 2.6111023e-03 5.3666567e-04 ... 9.7037727e-01
  1.2624064e-02 1.5864799e-03]
 [1.3555573e-09 2.3367281e-08 2.8364675e-06 ... 7.5399610e-11
  3.1799705e-09 6.0848922e-13]
 [1.4398982e-04 4.7015821e-04 2.1272287e-02 ... 6.3968197e-05
  7.3063973e-04 1.5739365e-04]]"
14,0.5926862955093384,0.8299478888511658,0.9809411764144897,0.5175721049308777,0.859375,0.9873083829879761,"[[3.9103854e-02 1.5687221e-01 1.3207829e-01 ... 3.1373847e-02
  3.0633354e-01 3.9479949e-02]
 [1.2896636e-01 2.1680647e-01 5.1397638e-04 ... 8.4156527e-05
  1.2110804e-05 2.6383854e-03]
 [5.9576370e-05 4.7657690e-05 8.2722604e-01 ... 1.4224641e-05
  1.0720208e-06 1.3366745e-01]
 ...
 [9.6105682e-03 1.0051361e-03 3.0114321e-04 ... 9.7664392e-01
  1.1471763e-02 6.6710694e-04]
 [1.1253038e-08 8.7315605e-08 1.3304432e-05 ... 2.6677516e-10
  8.3411855e-09 7.6310833e-12]
 [8.9951332e-05 4.0521839e-04 1.8385235e-02 ... 6.5841683e-05
  1.8363584e-04 1.6618872e-04]]"
15,0.5875431895256042,0.8324479460716248,0.9814026355743408,0.4726962149143219,0.8813344836235046,0.9895122647285461,"[[2.3149995e-02 2.1420938e-01 7.0018426e-02 ... 4.0403217e-02
  2.3836097e-01 2.3456575e-02]
 [1.3961308e-01 1.1193088e-01 5.4288350e-05 ... 8.0790727e-05
  1.5570636e-06 1.8293206e-03]
 [1.0277473e-05 6.6230918e-06 9.6283168e-01 ... 1.8195169e-06
  2.8661145e-07 2.7815657e-02]
 ...
 [2.0513204e-03 3.6181621e-03 7.5103264e-05 ... 9.6812505e-01
  2.5605233e-02 1.8285905e-04]
 [8.1598666e-09 7.9698900e-08 6.7966189e-06 ... 1.0360285e-09
  4.9213931e-09 4.9703167e-12]
 [7.8817087e-05 4.6583402e-04 1.4705171e-02 ... 7.8150275e-05
  6.6801533e-04 9.4451338e-05]]"
16,0.6012684106826782,0.8315104246139526,0.9804058074951172,0.464915931224823,0.8830236196517944,0.9902541041374207,"[[3.3899490e-02 2.2278683e-01 7.7627458e-02 ... 4.9719535e-02
  2.6614717e-01 2.4451934e-02]
 [7.5165078e-02 1.5341318e-01 2.0627402e-04 ... 1.6554285e-04
  1.9987645e-05 1.5476920e-03]
 [1.9068950e-05 1.7281927e-05 8.9169079e-01 ... 1.6326558e-06
  3.3526274e-07 7.7889964e-02]
 ...
 [3.1548864e-03 1.2780703e-03 4.6828845e-05 ... 9.7331172e-01
  2.1979047e-02 1.0906864e-04]
 [1.7336395e-08 1.1613464e-07 1.4303646e-05 ... 2.1232993e-10
  1.5241326e-08 1.2602606e-11]
 [5.8745529e-05 2.4219189e-04 3.5977576e-02 ... 4.7714249e-05
  6.5588992e-04 1.0369227e-04]]"
17,0.5765024423599243,0.8366666436195374,0.9822853207588196,0.4953450858592987,0.875,0.9882476925849915,"[[3.6149658e-02 2.5925326e-01 6.1763685e-02 ... 5.0752271e-02
  3.3533275e-01 2.6391864e-02]
 [6.5439917e-02 1.8794242e-01 1.9954101e-04 ... 1.2965883e-04
  1.9684114e-05 1.2398690e-03]
 [3.8171909e-04 1.8840180e-04 8.0601704e-01 ... 8.4782305e-06
  2.4992266e-06 1.6387364e-02]
 ...
 [8.5219657e-03 3.9739711e-03 4.7931717e-05 ... 9.6208590e-01
  2.5024962e-02 9.4901996e-05]
 [6.5569516e-08 2.4568351e-07 1.2497829e-05 ... 7.1646772e-10
  2.3140405e-08 1.3729764e-11]
 [9.7500590e-05 2.4754362e-04 1.3673494e-02 ... 6.4025378e-05
  6.2742358e-05 7.9492405e-05]]"
18,0.5772420763969421,0.8341146111488342,0.9823175668716431,0.45750024914741516,0.884712815284729,0.9907893538475037,"[[1.77885368e-02 1.12578675e-01 9.10105482e-02 ... 3.51147354e-02
  4.25655276e-01 2.09380928e-02]
 [1.09293409e-01 6.04936332e-02 5.20242502e-05 ... 8.03768853e-05
  1.91348454e-06 1.85286719e-03]
 [2.11349889e-05 1.74322686e-05 8.27024996e-01 ... 2.90895446e-06
  3.07827378e-07 1.59834608e-01]
 ...
 [5.83850080e-03 1.71955035e-03 5.67745592e-04 ... 9.39711630e-01
  5.15306927e-02 2.90113967e-04]
 [7.33952099e-09 5.43388872e-08 9.77613217e-06 ... 3.03491704e-10
  2.09930668e-08 4.63002163e-12]
 [2.81790253e-05 9.64917635e-05 2.20423024e-02 ... 1.99566675e-05
  5.08895260e-04 6.40250728e-05]]"
19,0.5840032696723938,0.8368750214576721,0.9816884994506836,0.4538041651248932,0.8897804021835327,0.9904623627662659,"[[1.07721388e-02 1.54294074e-01 8.11971501e-02 ... 1.25090834e-02
  3.93136829e-01 1.68171562e-02]
 [9.84574929e-02 1.06372178e-01 1.15092489e-05 ... 1.03415396e-05
  3.63040670e-07 2.98654631e-04]
 [3.48425565e-05 1.56652495e-05 9.31494892e-01 ... 4.19481557e-06
  1.77481411e-07 5.12931943e-02]
 ...
 [8.96859169e-03 1.60151161e-03 5.92858938e-04 ... 9.78769362e-01
  8.90401844e-03 7.34406465e-04]
 [6.81366830e-09 8.16319243e-08 1.17320269e-05 ... 1.42291151e-10
  2.38018689e-08 7.14437190e-12]
 [3.62166029e-04 6.20231556e-04 4.43352200e-02 ... 1.05514744e-04
  6.97686279e-04 5.69032156e-04]]"
20,0.5732857584953308,0.8436458110809326,0.9825536608695984,0.4436773359775543,0.8935810923576355,0.9909310340881348,"[[1.7092533e-02 2.3514391e-01 4.6926618e-02 ... 3.5860322e-02
  2.8780830e-01 1.8003823e-02]
 [6.9894716e-02 7.5294383e-02 9.8828430e-05 ... 2.9461007e-05
  2.3628097e-06 1.6457147e-03]
 [5.0476781e-05 4.5688510e-05 9.2649877e-01 ... 5.0818921e-06
  9.1310682e-07 5.0731111e-02]
 ...
 [3.4715321e-02 9.5670661e-03 4.6964473e-04 ... 9.2172837e-01
  3.1681996e-02 9.4923924e-04]
 [4.6716131e-08 3.2790837e-07 1.2110116e-05 ... 3.5653513e-10
  6.9228683e-08 2.9922693e-11]
 [9.6117059e-05 2.1167999e-04 7.2996458e-03 ... 2.1720334e-05
  7.8965182e-05 1.1177956e-04]]"
21,0.5470139980316162,0.8481249809265137,0.9845415353775024,0.47006580233573914,0.8792229890823364,0.9897039532661438,"[[2.00769752e-02 1.63670540e-01 6.12987019e-02 ... 6.34814873e-02
  2.97637433e-01 2.18762960e-02]
 [5.38653769e-02 1.10242367e-01 5.59059117e-06 ... 5.15381944e-05
  1.74273487e-06 7.07561558e-05]
 [3.69207155e-05 2.85335191e-05 8.75300884e-01 ... 1.98792873e-06
  2.82136824e-07 1.00173354e-01]
 ...
 [6.87568542e-03 1.58190390e-03 1.94024484e-04 ... 9.79178965e-01
  1.14443330e-02 5.71735261e-04]
 [1.76658020e-07 4.93449363e-07 2.38902521e-05 ... 1.50040402e-09
  5.60628521e-08 9.88806745e-11]
 [1.14618815e-05 2.62593112e-05 1.34238144e-02 ... 6.70902637e-06
  2.33986993e-05 3.66760614e-05]]"
22,0.5731940269470215,0.8415104150772095,0.982450008392334,0.4389208257198334,0.8952702879905701,0.9908239841461182,"[[1.5447670e-02 1.2683342e-01 8.9405537e-02 ... 2.0597363e-02
  3.1890008e-01 2.5110709e-02]
 [1.3744342e-01 1.3861626e-01 1.4931248e-05 ... 1.4704541e-05
  1.0979137e-06 1.1122910e-04]
 [5.1920661e-06 6.5981485e-06 9.4097853e-01 ... 1.2737910e-06
  1.5701036e-07 5.0510705e-02]
 ...
 [4.4302051e-03 1.7723576e-03 7.4116586e-05 ... 9.8580074e-01
  7.4833157e-03 2.3571955e-04]
 [3.4121289e-08 2.3626369e-07 1.9043582e-05 ... 1.0118672e-10
  4.4084949e-08 2.6242220e-11]
 [5.0522773e-05 8.1289341e-05 3.8937114e-02 ... 1.9077726e-05
  8.1535465e-05 2.2169428e-04]]"
23,0.5618994235992432,0.8428645730018616,0.9833937883377075,0.46044597029685974,0.8931587934494019,0.9899332523345947,"[[1.1854389e-02 2.1716022e-01 5.5619188e-02 ... 2.1115277e-02
  2.7206448e-01 1.2782238e-02]
 [1.3239281e-01 6.6133238e-02 1.4517285e-04 ... 5.8216552e-05
  4.0251402e-06 1.0666192e-03]
 [4.0971365e-05 1.2690388e-05 8.7472463e-01 ... 3.5398175e-06
  3.2794284e-07 1.2079059e-01]
 ...
 [1.9039210e-02 5.9037809e-03 7.0980762e-04 ... 9.5604420e-01
  1.5918577e-02 9.2783017e-04]
 [4.7932843e-08 1.1728958e-07 8.2316974e-06 ... 2.9633737e-10
  1.2373991e-08 2.3618404e-11]
 [8.2948696e-05 1.3301347e-04 2.8946759e-02 ... 3.4729030e-05
  3.1323088e-04 6.5255750e-05]]"
24,0.5425871014595032,0.8515104055404663,0.9845494031906128,0.4600411355495453,0.8851351141929626,0.9908570647239685,"[[1.9880071e-02 1.6354795e-01 1.2125149e-01 ... 2.2701059e-02
  2.5232470e-01 3.1936772e-02]
 [7.9029448e-02 7.3726781e-02 2.2949479e-04 ... 9.9453777e-05
  1.0474117e-05 1.6688015e-03]
 [4.2997315e-05 2.9015466e-05 9.5353520e-01 ... 3.0522638e-06
  3.7228500e-07 2.2036908e-02]
 ...
 [3.0250309e-02 1.4481357e-02 5.7899079e-04 ... 9.1672891e-01
  3.5038587e-02 1.0026285e-03]
 [1.0164462e-06 4.5208203e-06 1.1968203e-04 ... 7.6375466e-09
  5.2620510e-07 2.5198115e-09]
 [7.1413975e-05 1.9533338e-04 1.8880606e-02 ... 4.3091455e-05
  5.2431045e-04 1.5940730e-04]]"
25,0.5522831082344055,0.8495312333106995,0.9839596748352051,0.4371468424797058,0.8990709185600281,0.9906840324401855,"[[1.4049436e-02 1.2193529e-01 9.0139449e-02 ... 2.2229712e-02
  3.2795191e-01 1.9402266e-02]
 [3.5639908e-02 3.2029610e-02 5.6461431e-06 ... 5.3027156e-06
  8.6736286e-08 2.0418498e-04]
 [1.4862934e-05 2.2706647e-05 9.5188808e-01 ... 1.7541859e-06
  3.4274959e-07 3.3155281e-02]
 ...
 [7.2498829e-03 1.5466778e-03 2.0826652e-04 ... 9.7486418e-01
  1.5805403e-02 9.9182645e-05]
 [1.1101812e-08 3.5673072e-08 2.9419584e-06 ... 3.4151876e-11
  5.6804477e-09 5.3556929e-12]
 [2.0330375e-05 6.0785598e-05 1.0242013e-02 ... 9.3707422e-06
  2.5416739e-04 5.0991617e-05]]"
26,0.5479925274848938,0.8503124713897705,0.9841469526290894,0.42758840322494507,0.9011824131011963,0.9911059141159058,"[[2.63038874e-02 1.74284756e-01 7.01295361e-02 ... 4.00110632e-02
  1.94948837e-01 2.08766926e-02]
 [4.95096631e-02 5.61793894e-02 4.84608900e-05 ... 6.54988571e-06
  6.90315346e-07 5.40983106e-04]
 [8.11955215e-06 2.58047567e-06 9.67673898e-01 ... 1.83154810e-07
  1.08031717e-08 2.28760131e-02]
 ...
 [1.20447632e-02 2.54017604e-03 9.50888716e-05 ... 9.67114866e-01
  1.77765507e-02 1.06284264e-04]
 [3.13745971e-08 6.95588795e-08 5.35161689e-06 ... 1.91351504e-10
  5.35813971e-09 1.81771508e-11]
 [2.18242149e-05 5.07490622e-05 7.84581993e-03 ... 4.07262314e-06
  2.59850549e-05 2.95138598e-05]]"
27,0.538176953792572,0.8514062762260437,0.9850702285766602,0.43412864208221436,0.8910472989082336,0.991417407989502,"[[1.69363040e-02 1.28550351e-01 7.40293190e-02 ... 4.42778282e-02
  4.63257402e-01 1.83182750e-02]
 [5.35735153e-02 6.46545142e-02 2.17131083e-06 ... 4.33597734e-06
  8.75050645e-08 1.31895373e-04]
 [1.66445407e-05 2.34668114e-05 8.67890120e-01 ... 2.06173695e-06
  4.00260745e-07 1.34162547e-03]
 ...
 [5.67683857e-03 8.93575081e-04 1.13923215e-05 ... 9.78850424e-01
  1.44886579e-02 2.15723448e-05]
 [2.98990130e-08 3.20428853e-07 6.12264103e-06 ... 6.37727163e-11
  3.99865705e-08 3.30782936e-11]
 [7.32866795e-07 1.38524877e-06 2.72195297e-03 ... 2.81161562e-07
  4.56727236e-07 1.21522100e-06]]"
28,0.551770806312561,0.8514062762260437,0.9837307929992676,0.4456321597099304,0.8885135054588318,0.9914472103118896,"[[2.2033159e-02 1.1771971e-01 1.3045990e-01 ... 3.0816933e-02
  3.4529683e-01 3.2149624e-02]
 [2.4775516e-02 7.2433569e-02 6.0586644e-06 ... 1.7416160e-05
  8.3924914e-07 1.2373846e-04]
 [9.5461373e-06 1.0362541e-05 9.7302568e-01 ... 3.2373368e-06
  1.1651223e-06 1.7695727e-02]
 ...
 [5.2107642e-03 1.2186179e-03 2.0496121e-04 ... 9.7249913e-01
  2.0211842e-02 2.7175722e-04]
 [7.5703845e-08 7.9716659e-07 8.3779032e-06 ... 9.5627006e-10
  3.0379741e-07 1.2307913e-10]
 [3.9898026e-05 6.1689527e-05 4.8738527e-03 ... 2.4200324e-05
  2.2674048e-04 3.8542479e-05]]"
29,0.5379514694213867,0.8512499928474426,0.9849170446395874,0.4452681541442871,0.8944256901741028,0.9912116527557373,"[[5.04817329e-02 1.15037113e-01 1.55687764e-01 ... 5.40200919e-02
  2.53045052e-01 5.96479997e-02]
 [2.89816540e-02 1.64368927e-01 2.03942218e-05 ... 9.53629024e-06
  2.45120600e-06 1.35102513e-04]
 [1.46860148e-05 1.12694188e-05 9.48700249e-01 ... 7.03164176e-07
  2.65021953e-07 4.05048812e-03]
 ...
 [6.94835000e-03 2.09026388e-03 8.65619731e-05 ... 9.77925181e-01
  1.25415595e-02 2.55293562e-04]
 [1.62588108e-07 7.66570679e-07 2.18005807e-05 ... 4.62431760e-10
  9.30205886e-08 3.73920506e-10]
 [1.15450013e-04 4.42228229e-05 6.35494897e-03 ... 1.20137265e-05
  8.96103393e-06 4.65275734e-05]]"
30,0.5429307818412781,0.8508853912353516,0.9843834638595581,0.43703898787498474,0.8961148858070374,0.991256594657898,"[[4.32390720e-02 2.12005317e-01 1.06749155e-01 ... 3.91313955e-02
  2.27299258e-01 3.10487058e-02]
 [3.70894372e-02 5.97494505e-02 3.57456047e-05 ... 1.75960049e-05
  1.91359891e-06 3.62851337e-04]
 [8.41349083e-06 3.26473423e-06 9.79120612e-01 ... 1.56089970e-06
  1.36341512e-07 1.54449390e-02]
 ...
 [1.38962232e-02 1.86123478e-03 5.95510763e-04 ... 9.56066787e-01
  2.71301810e-02 9.71902627e-05]
 [1.44011079e-08 8.77049331e-08 4.57387478e-06 ... 8.23680985e-11
  2.56053116e-08 1.53462278e-11]
 [1.48877269e-04 9.64856226e-05 8.36445019e-03 ... 4.57431815e-05
  6.25621688e-05 4.74293120e-05]]"
31,0.536851167678833,0.8529687523841858,0.9848880171775818,0.4261661171913147,0.9016047120094299,0.9915590882301331,"[[2.3003519e-02 9.9692434e-02 1.0428171e-01 ... 4.2545244e-02
  3.5391191e-01 2.3712678e-02]
 [3.3320170e-02 3.8029555e-02 6.3462330e-06 ... 3.4223574e-06
  1.7797177e-07 1.0990387e-04]
 [5.7212551e-06 3.2605290e-06 9.8816681e-01 ... 4.1458188e-07
  4.8991861e-08 3.6428070e-03]
 ...
 [1.6325174e-02 4.1984967e-03 3.4983773e-04 ... 9.5597458e-01
  2.1694312e-02 4.8801472e-04]
 [1.5637225e-08 1.0947323e-07 3.4579039e-06 ... 3.5688178e-11
  4.4906967e-09 2.3876422e-11]
 [3.6731335e-06 6.9349358e-06 6.2504848e-03 ... 1.1103677e-06
  3.1899958e-06 8.2396427e-06]]"
32,0.5338273644447327,0.8531770706176758,0.985069751739502,0.4366030693054199,0.8986486196517944,0.9910075068473816,"[[2.1674719e-02 1.1891880e-01 8.5161358e-02 ... 3.4456678e-02
  3.0222866e-01 3.5418909e-02]
 [3.0584963e-02 5.9952658e-02 1.9386753e-05 ... 4.7740009e-06
  3.9380811e-07 3.0262826e-04]
 [2.8059574e-06 1.4927618e-06 9.9446881e-01 ... 3.1423181e-07
  4.4818762e-08 1.6949256e-03]
 ...
 [1.0421151e-02 1.7607359e-03 5.7264508e-05 ... 9.8256642e-01
  4.7330372e-03 2.1337467e-04]
 [7.8007449e-09 1.8031528e-07 1.8607502e-06 ... 1.2143905e-11
  1.7378520e-08 2.2296517e-11]
 [1.3551620e-05 8.9536070e-06 4.0362864e-03 ... 2.2414713e-06
  8.2128445e-06 1.2387609e-05]]"
33,0.5309786200523376,0.8514583110809326,0.9854649901390076,0.4453665316104889,0.8935810923576355,0.9903945922851562,"[[3.8960837e-02 1.5557981e-01 1.2139378e-01 ... 4.4360448e-02
  2.7693889e-01 3.4302436e-02]
 [4.1955009e-02 7.0874825e-02 3.9792219e-05 ... 5.3558339e-05
  5.0574022e-06 3.3605890e-04]
 [2.2908232e-05 1.5905325e-05 9.7006929e-01 ... 1.5258463e-06
  2.4600772e-07 1.7631324e-02]
 ...
 [7.3063374e-03 4.6680978e-04 5.4937269e-04 ... 9.8649579e-01
  4.8063290e-03 1.8440539e-04]
 [3.9043262e-09 3.2202063e-08 1.3178094e-06 ... 4.1333378e-11
  1.3511203e-08 5.6885152e-12]
 [2.3437144e-05 2.7254697e-05 2.9249475e-03 ... 9.9537583e-06
  3.2721546e-05 5.2253163e-06]]"
34,0.5247868895530701,0.8577083349227905,0.9858764410018921,0.4207860231399536,0.900337815284729,0.9920533895492554,"[[3.11381593e-02 1.56130731e-01 1.06440999e-01 ... 4.87347282e-02
  3.79549593e-01 4.60577644e-02]
 [5.28246611e-02 5.83664849e-02 1.94685363e-05 ... 5.33949169e-05
  3.61191064e-06 1.15720832e-04]
 [9.83672180e-06 2.23089273e-06 9.92384911e-01 ... 1.06886898e-06
  4.51769097e-07 3.89330182e-03]
 ...
 [5.25583653e-03 1.35214173e-03 1.47506784e-04 ... 9.84135807e-01
  8.80918372e-03 1.82338801e-04]
 [7.43691153e-09 9.92386688e-08 3.54096869e-06 ... 3.51104250e-11
  1.45798582e-08 1.26628335e-11]
 [1.63702553e-05 4.62626085e-05 7.90675636e-03 ... 6.66242795e-06
  2.35631669e-05 2.26095763e-05]]"
35,0.526211678981781,0.8579687476158142,0.985489010810852,0.43605655431747437,0.8978040814399719,0.9904546141624451,"[[2.7555600e-02 2.2630729e-01 4.9957417e-02 ... 4.4069692e-02
  3.8413078e-01 3.1424414e-02]
 [3.8554490e-02 1.6195908e-02 5.2059600e-06 ... 2.7435628e-06
  7.5508623e-08 9.1935275e-05]
 [4.2221341e-06 6.2829116e-07 9.9251020e-01 ... 4.3511159e-07
  2.7588422e-08 5.7408619e-03]
 ...
 [5.8603161e-03 6.6560977e-03 5.3296663e-04 ... 9.6415848e-01
  1.8523479e-02 2.0368134e-03]
 [1.2511606e-09 5.1308120e-08 2.9234184e-06 ... 6.8047703e-12
  2.0872234e-08 2.7918961e-11]
 [8.8863737e-05 4.6751596e-04 3.3932454e-03 ... 2.2561566e-05
  7.6844080e-05 1.4573358e-05]]"
36,0.5301328301429749,0.8552083373069763,0.9853161573410034,0.429790198802948,0.8902027010917664,0.991536021232605,"[[1.61654912e-02 1.23131298e-01 1.26444399e-01 ... 1.74130984e-02
  3.81200552e-01 2.62203384e-02]
 [2.51281224e-02 4.95608225e-02 5.85843691e-06 ... 1.15040475e-05
  1.46203308e-06 1.03482926e-04]
 [9.04709450e-05 1.83377051e-05 9.85680282e-01 ... 1.57716786e-05
  5.26025769e-06 8.13302957e-03]
 ...
 [1.89699903e-02 7.67750852e-03 4.63426491e-04 ... 8.94485533e-01
  7.68570304e-02 8.27904325e-04]
 [4.09996836e-09 1.58398791e-07 1.98956172e-06 ... 3.02236847e-11
  3.86402306e-08 2.80237656e-11]
 [6.54191535e-05 1.68128827e-04 9.69407428e-03 ... 2.02572901e-05
  1.75222231e-04 4.47468046e-05]]"
37,0.5331616997718811,0.8550000190734863,0.9851827621459961,0.42181065678596497,0.9024493098258972,0.9923175573348999,"[[4.3449715e-02 1.5660824e-01 1.2757048e-01 ... 5.5711716e-02
  3.8067871e-01 3.7052166e-02]
 [3.5642244e-02 4.7192484e-02 3.2933915e-06 ... 3.3598856e-06
  1.8084552e-07 3.7379803e-05]
 [5.7218667e-06 3.1144932e-06 9.8515117e-01 ... 1.6978481e-06
  4.3727192e-07 9.0451883e-03]
 ...
 [2.0187847e-02 2.4213216e-03 3.1268687e-04 ... 9.5016706e-01
  2.6214795e-02 1.6983380e-04]
 [9.7924486e-09 1.1783893e-07 1.7221543e-06 ... 1.4821395e-10
  1.0917684e-08 3.0320000e-11]
 [4.3179509e-05 8.3152852e-05 5.8488995e-03 ... 1.0630732e-05
  7.3499170e-05 1.2860757e-05]]"
38,0.514678418636322,0.8618229031562805,0.9863409996032715,0.4209831953048706,0.8918918967247009,0.9919284582138062,"[[5.1674325e-02 1.5559293e-01 1.0059402e-01 ... 7.6355308e-02
  2.3994893e-01 4.8660140e-02]
 [3.0316111e-02 5.5334587e-02 7.9554957e-06 ... 9.3498666e-06
  7.6022235e-07 1.1999015e-04]
 [6.3866264e-07 2.8382053e-07 9.9790007e-01 ... 2.8971195e-07
  1.1863895e-07 5.5262289e-04]
 ...
 [8.1518376e-03 2.7709112e-03 3.9099684e-04 ... 9.2812085e-01
  5.9733659e-02 4.0144287e-04]
 [1.2143553e-07 6.2510844e-06 2.2145519e-05 ... 1.9299589e-09
  1.8449979e-06 9.4439789e-10]
 [3.4989647e-05 9.8039127e-05 1.1267567e-02 ... 4.8001439e-06
  2.9071520e-05 6.3468160e-06]]"
39,0.5141961574554443,0.8606770634651184,0.9864025115966797,0.40822601318359375,0.9045608043670654,0.9926249980926514,"[[1.4818718e-02 1.4865002e-01 6.5872498e-02 ... 2.0860694e-02
  3.5620907e-01 2.2190016e-02]
 [4.5971267e-02 4.4465125e-02 9.6112080e-06 ... 7.0237543e-06
  5.3671050e-07 1.2833974e-04]
 [2.7966555e-06 3.9754855e-06 9.8981178e-01 ... 2.6547772e-07
  2.0479283e-07 1.5479510e-03]
 ...
 [6.8669049e-03 1.8636540e-03 5.5588729e-04 ... 9.7771633e-01
  9.4456021e-03 2.5589869e-03]
 [2.3894877e-09 1.2543092e-07 5.0604518e-07 ... 1.0979202e-11
  1.8102291e-08 5.8713989e-12]
 [1.3033449e-05 1.6197735e-04 1.1114979e-03 ... 4.5074194e-06
  4.2111707e-05 4.6243144e-06]]"
40,0.5073080658912659,0.8644270896911621,0.9868466854095459,0.43120214343070984,0.8978040814399719,0.9919915199279785,"[[1.78253930e-02 1.69959560e-01 8.79046544e-02 ... 2.04102490e-02
  3.52640331e-01 1.56131545e-02]
 [5.52824289e-02 3.53867486e-02 9.76735009e-06 ... 9.06008427e-06
  5.36346306e-07 5.86602946e-05]
 [3.29680051e-06 1.43942373e-06 9.88871455e-01 ... 1.16653939e-06
  2.39170674e-07 6.26288168e-03]
 ...
 [2.54376009e-02 1.69611406e-02 6.49341906e-04 ... 8.97141516e-01
  5.44963963e-02 7.01066980e-04]
 [5.66742875e-09 1.00860952e-07 4.75656634e-06 ... 7.08466411e-11
  3.75500697e-08 2.73811529e-11]
 [2.30687947e-05 1.23152789e-03 4.01009433e-03 ... 2.79284486e-05
  3.96174472e-03 6.86075327e-06]]"
41,0.5129161477088928,0.8582291603088379,0.9865001440048218,0.3985881209373474,0.9054054021835327,0.9924781322479248,"[[2.5515085e-02 1.5413658e-01 7.6717041e-02 ... 2.5767453e-02
  2.5157437e-01 2.5857620e-02]
 [1.8892989e-02 2.7167337e-02 5.9417380e-07 ... 6.6839207e-06
  2.0068566e-07 1.8623974e-05]
 [4.4548993e-05 6.8417780e-06 9.8767573e-01 ... 7.6429424e-06
  6.0512991e-07 5.8048065e-03]
 ...
 [1.3039657e-02 2.5008495e-03 4.7433259e-05 ... 9.6107656e-01
  2.2807853e-02 3.8646722e-05]
 [3.8909609e-10 7.1132185e-09 3.2327864e-07 ... 1.9616687e-11
  7.1617512e-09 1.7483068e-13]
 [6.3241114e-06 3.0958490e-05 1.2526149e-03 ... 7.8356396e-07
  7.0782389e-06 1.4258383e-06]]"
42,0.5117496848106384,0.8594791889190674,0.9863051772117615,0.4434410333633423,0.8948479890823364,0.9906229972839355,"[[2.24904809e-02 2.07852915e-01 4.62704971e-02 ... 3.72149609e-02
  3.02555352e-01 1.27210962e-02]
 [3.34893651e-02 2.72962265e-02 2.27417513e-06 ... 2.73027013e-06
  1.06211822e-07 4.53318971e-05]
 [1.86537509e-05 2.60986394e-06 9.76159036e-01 ... 6.50174570e-07
  6.74954563e-08 1.77576151e-02]
 ...
 [5.35630845e-02 1.18673025e-02 1.40265736e-03 ... 9.04522777e-01
  2.17087101e-02 2.45054602e-03]
 [1.11271203e-09 2.61402811e-08 8.94994798e-07 ... 2.00248793e-11
  9.35096445e-09 1.67913155e-12]
 [1.54735608e-05 2.56674684e-04 5.62615879e-03 ... 2.10595499e-06
  8.83226894e-05 1.58749572e-05]]"
43,0.5131229162216187,0.8616666793823242,0.9865509271621704,0.4187019467353821,0.8969594836235046,0.9921419620513916,"[[3.5735071e-02 1.3661931e-01 7.6989740e-02 ... 7.7750929e-02
  3.3779347e-01 4.0346391e-02]
 [3.4336388e-02 5.0073974e-02 3.2123829e-05 ... 2.0687445e-05
  1.5817678e-06 1.8507207e-04]
 [4.3603963e-05 2.1079750e-05 9.6065372e-01 ... 3.5374744e-06
  1.9689294e-06 1.2705425e-03]
 ...
 [7.6699732e-03 2.3541839e-03 2.3747261e-05 ... 9.8287654e-01
  6.6433628e-03 9.6866512e-05]
 [2.4127094e-09 1.2197714e-07 1.2893574e-06 ... 2.0639416e-11
  1.1391296e-08 2.7174628e-12]
 [2.9875473e-06 7.2333343e-05 4.8346835e-04 ... 3.5515902e-07
  1.3672199e-06 1.2773384e-06]]"
44,0.520916223526001,0.8594791889190674,0.9858925342559814,0.4134526550769806,0.9020270109176636,0.991106390953064,"[[1.9706843e-02 1.1499110e-01 5.3549115e-02 ... 2.1633117e-02
  3.2569921e-01 2.1012526e-02]
 [8.3927505e-02 2.2037696e-02 3.9131470e-07 ... 3.3333260e-06
  1.9183301e-07 3.9026545e-06]
 [3.2434527e-06 3.4063328e-06 9.5079845e-01 ... 2.8898919e-06
  9.0768246e-08 4.4504862e-02]
 ...
 [2.2358506e-03 8.2434923e-04 9.4635077e-05 ... 9.6972102e-01
  2.6014909e-02 2.9569247e-04]
 [9.2545437e-11 3.8375432e-09 2.7499095e-07 ... 5.2867129e-12
  2.1181206e-09 3.5694044e-13]
 [2.1435293e-05 1.3427783e-04 8.8071375e-04 ... 1.1506178e-06
  3.6335455e-06 7.5434059e-06]]"
45,0.5173838138580322,0.859947919845581,0.9861212968826294,0.42409661412239075,0.8986486196517944,0.9912106990814209,"[[3.7991028e-02 1.8455225e-01 6.8173341e-02 ... 6.4723343e-02
  2.8039116e-01 2.6407752e-02]
 [1.0221754e-02 5.4045942e-02 6.4740846e-07 ... 7.9097407e-07
  6.4472978e-08 4.8016682e-06]
 [1.9665989e-05 9.9932677e-06 9.8891771e-01 ... 5.9097556e-07
  3.8552216e-08 1.8400648e-03]
 ...
 [2.0324225e-02 3.6621757e-03 2.2747133e-04 ... 9.6925586e-01
  2.7900967e-03 2.5397348e-03]
 [2.6631299e-09 1.0317311e-07 6.4933562e-07 ... 8.1754048e-12
  3.7212464e-09 6.2251580e-12]
 [1.7157818e-05 1.4166073e-04 5.7451772e-03 ... 2.2066138e-06
  1.0143233e-05 1.3551301e-05]]"
46,0.5037680268287659,0.8629687428474426,0.9869499206542969,0.4081272482872009,0.9049831032752991,0.992755651473999,"[[2.41696518e-02 1.50522247e-01 8.99178982e-02 ... 6.15079552e-02
  4.43465322e-01 3.09076272e-02]
 [1.59844030e-02 3.91628370e-02 3.79839307e-08 ... 1.01831665e-06
  2.05018189e-08 1.10206611e-06]
 [1.60601066e-05 8.61181434e-06 9.93411779e-01 ... 4.48050423e-06
  6.48941068e-07 2.62802001e-03]
 ...
 [6.05635438e-03 3.33445473e-03 4.62622083e-05 ... 9.81598377e-01
  8.10384564e-03 2.68526695e-04]
 [3.96662214e-09 1.08058920e-07 6.16085686e-07 ... 1.09247264e-10
  2.30880470e-08 6.13241099e-12]
 [2.77399863e-06 1.29905693e-05 1.40950189e-03 ... 4.57702100e-07
  1.29448790e-06 6.16921284e-07]]"
