,loss,categorical_accuracy,auc_16,val_loss,val_categorical_accuracy,val_auc_16,val_preds
0,1.6498842239379883,0.453125,0.8400945663452148,0.9723591208457947,0.7250844836235046,0.9533681273460388,"[[4.80539836e-02 1.25881046e-01 2.21286520e-01 ... 1.37760099e-02
  5.18607832e-02 8.42870101e-02]
 [5.80953956e-01 1.57251313e-01 6.89304015e-03 ... 7.21387891e-03
  4.14535636e-04 7.80229829e-03]
 [8.33063945e-03 2.71732803e-03 4.97228950e-01 ... 5.04549069e-04
  8.11173872e-04 2.91768938e-01]
 ...
 [8.55438691e-03 1.54552236e-02 1.55050922e-02 ... 3.30508530e-01
  6.13673866e-01 4.21951478e-03]
 [1.88249817e-06 1.08866823e-06 2.28297734e-03 ... 2.09659856e-06
  2.00032047e-03 4.33682857e-07]
 [4.80360957e-03 1.26532186e-02 1.02891475e-01 ... 9.90377390e-04
  3.32033634e-02 6.11187890e-03]]"
1,0.9688186645507812,0.7107812762260437,0.9492892026901245,0.7050393223762512,0.8053209185600281,0.9763329029083252,"[[3.7405759e-02 2.8154308e-01 8.7905139e-02 ... 2.7017523e-02
  1.0540941e-01 3.6192603e-02]
 [3.4470978e-01 2.1624699e-01 6.8032072e-04 ... 4.0773391e-03
  1.3875107e-04 1.7127859e-03]
 [2.8672286e-03 2.7787164e-03 6.3208717e-01 ... 3.6303559e-04
  1.7420591e-04 2.9013434e-01]
 ...
 [3.3546011e-03 5.5199233e-03 3.3573294e-03 ... 5.5905515e-01
  4.2697379e-01 5.7986332e-04]
 [1.8559208e-08 3.8430464e-08 4.8124679e-05 ... 2.3807769e-09
  1.4662571e-04 2.9027940e-11]
 [1.2001390e-04 2.4341703e-03 6.5545868e-03 ... 1.2106747e-04
  2.4725638e-02 7.0508002e-05]]"
2,0.8062744736671448,0.76583331823349,0.9653257131576538,0.6064512133598328,0.8403716087341309,0.9835473895072937,"[[7.7436522e-02 1.9519337e-01 1.6353300e-01 ... 3.8651343e-02
  1.0827121e-01 4.6980571e-02]
 [3.6086786e-01 1.1846738e-01 4.6010735e-04 ... 1.1092240e-03
  2.6389420e-05 1.2531334e-03]
 [1.1425975e-03 1.8573810e-03 8.1106764e-01 ... 8.7307941e-05
  4.8653077e-05 1.1182499e-01]
 ...
 [1.3366719e-02 1.2593950e-02 1.3101810e-02 ... 5.1387477e-01
  4.4047120e-01 1.2994778e-03]
 [7.1355406e-09 2.6918054e-08 8.7010139e-06 ... 1.0537679e-09
  1.8959847e-05 2.8605460e-12]
 [3.9802213e-05 8.3573512e-04 7.6274811e-03 ... 3.1060346e-05
  5.7565528e-03 1.9542416e-05]]"
3,0.7163663506507874,0.7930208444595337,0.9722424149513245,0.5668550729751587,0.8543074131011963,0.9850292205810547,"[[5.22655435e-02 2.28938043e-01 1.07590474e-01 ... 4.55465876e-02
  2.15008944e-01 3.81612703e-02]
 [3.32480848e-01 7.69021660e-02 1.92434949e-04 ... 3.43336666e-04
  4.20310926e-06 3.92524962e-04]
 [3.57924611e-04 4.36966831e-04 9.18656886e-01 ... 7.13325971e-06
  2.76789046e-06 1.52192833e-02]
 ...
 [9.56678204e-03 7.49115320e-03 1.47924544e-02 ... 6.27525151e-01
  3.35133612e-01 1.69963657e-03]
 [1.61666214e-09 1.57462026e-08 5.02221019e-06 ... 3.18594179e-10
  1.99787428e-06 7.77306496e-13]
 [1.72850705e-05 5.99189312e-04 2.59241974e-03 ... 1.66097361e-05
  1.38554152e-03 1.22815809e-05]]"
4,0.6680264472961426,0.8103646039962769,0.9757516384124756,0.5270918607711792,0.8678209185600281,0.987423300743103,"[[6.80749193e-02 3.12223405e-01 8.25362727e-02 ... 6.18849657e-02
  1.61939457e-01 6.16486743e-02]
 [2.61301726e-01 7.93011487e-02 2.60523375e-04 ... 2.63604365e-04
  4.37589597e-06 2.04873810e-04]
 [2.28917008e-04 4.14845563e-04 7.32844353e-01 ... 1.93471897e-06
  1.35641892e-06 3.60820605e-03]
 ...
 [2.76643187e-02 1.12696989e-02 2.80037131e-02 ... 6.53115034e-01
  2.71641135e-01 3.21881729e-03]
 [1.36391010e-09 1.70463998e-08 6.09200606e-06 ... 2.81070917e-10
  1.19407196e-06 1.36146227e-12]
 [1.19163751e-05 5.48610056e-04 3.79529595e-03 ... 1.31698625e-05
  3.72662442e-04 2.32662496e-05]]"
5,0.6369600296020508,0.8200520873069763,0.9778784513473511,0.5045105814933777,0.8716216087341309,0.9881800413131714,"[[5.5072777e-02 1.7660566e-01 9.2245363e-02 ... 5.6663968e-02
  2.5373155e-01 3.1027537e-02]
 [2.7447924e-01 7.0034049e-02 5.1349547e-05 ... 2.5282628e-04
  5.0385944e-07 1.4983534e-04]
 [1.3587344e-04 1.2252956e-04 9.3885684e-01 ... 2.0250491e-06
  2.5483246e-06 4.3198839e-03]
 ...
 [1.7582223e-02 9.2486124e-03 5.8228057e-03 ... 7.0767438e-01
  2.5609165e-01 9.2179771e-04]
 [4.7611772e-09 4.5281222e-08 3.2874566e-06 ... 5.7268074e-10
  4.0240288e-06 1.8194727e-12]
 [1.2267109e-05 3.0908539e-04 3.3743191e-03 ... 1.0775113e-05
  1.5036529e-03 6.8663635e-06]]"
6,0.6017545461654663,0.8308854103088379,0.9802360534667969,0.4934425354003906,0.8720439076423645,0.9881278872489929,"[[3.8735107e-02 2.4080035e-01 3.6191739e-02 ... 5.4672029e-02
  4.2318746e-01 1.4797595e-02]
 [1.7277491e-01 6.1130933e-02 6.9761212e-05 ... 4.8820690e-05
  2.4609878e-07 1.0447899e-04]
 [5.3871241e-05 6.5443011e-05 9.3359339e-01 ... 5.6338081e-07
  1.6410711e-07 2.3747650e-03]
 ...
 [5.5686831e-03 3.6044808e-03 3.7338408e-03 ... 6.6820407e-01
  3.1705466e-01 6.1455101e-04]
 [2.4650935e-09 4.5018691e-08 3.9575835e-07 ... 8.8661849e-11
  3.1468107e-07 1.6069635e-13]
 [3.0222080e-05 8.0441334e-04 2.9594856e-03 ... 1.4891066e-05
  1.0040988e-03 9.1399306e-06]]"
7,0.5834408402442932,0.8333854079246521,0.9811811447143555,0.4558861255645752,0.884712815284729,0.9905275702476501,"[[7.7190973e-02 2.5093144e-01 5.3866107e-02 ... 6.8318442e-02
  3.3934844e-01 2.4746088e-02]
 [1.1919913e-01 5.9173796e-02 4.9458922e-05 ... 6.0296785e-05
  3.8052971e-07 5.7158450e-05]
 [3.2563417e-05 4.3719399e-05 8.9767754e-01 ... 2.3317489e-06
  1.2030742e-06 1.9741976e-03]
 ...
 [1.8121386e-02 1.4013746e-02 5.4917946e-03 ... 6.4366186e-01
  3.1565130e-01 6.9096824e-04]
 [2.6704599e-09 1.4461028e-07 5.4818615e-06 ... 1.9390849e-10
  6.7953948e-07 9.0559065e-13]
 [6.2486499e-05 4.1840557e-04 6.0170903e-03 ... 2.8535542e-05
  1.1850817e-03 1.4576030e-05]]"
8,0.5820817947387695,0.8332291841506958,0.9811055660247803,0.48649072647094727,0.8733108043670654,0.9889137744903564,"[[4.06991802e-02 1.74717724e-01 6.66270927e-02 ... 7.54785240e-02
  3.99024338e-01 2.50679236e-02]
 [1.37107059e-01 4.87454534e-02 1.51077147e-05 ... 6.11595533e-06
  3.12615320e-08 1.22552583e-05]
 [2.01452902e-04 2.00296592e-04 8.18453372e-01 ... 5.70462907e-06
  1.81174426e-06 1.25063434e-02]
 ...
 [6.24547992e-03 1.76118256e-03 7.41819385e-03 ... 7.53610969e-01
  2.29188621e-01 6.09254115e-04]
 [7.55628982e-09 2.70407270e-07 3.84854229e-06 ... 8.06019529e-10
  1.40828399e-06 2.68971954e-12]
 [6.11020660e-05 5.73513564e-04 1.12921717e-02 ... 1.14969596e-04
  5.05151600e-03 3.26319605e-05]]"
9,0.5584938526153564,0.8433333039283752,0.9826124310493469,0.4533533751964569,0.8855574131011963,0.9902263879776001,"[[9.79308337e-02 2.27942720e-01 5.41578345e-02 ... 8.01986754e-02
  3.57860059e-01 2.44458336e-02]
 [1.24799639e-01 5.74443191e-02 1.60135474e-04 ... 5.56743107e-05
  1.15665978e-06 2.40608322e-04]
 [1.63188422e-04 4.12771624e-04 8.92595351e-01 ... 1.03530765e-05
  4.58040404e-06 3.68301906e-02]
 ...
 [6.74742507e-03 4.49926546e-03 3.75081506e-03 ... 7.58161843e-01
  2.24735245e-01 7.11530214e-04]
 [7.66155139e-09 9.18105229e-07 3.61208026e-06 ... 6.18160634e-10
  6.36163759e-06 9.77392906e-12]
 [9.59059034e-05 7.34065427e-04 5.47044585e-03 ... 3.87708897e-05
  9.64683539e-04 3.67908833e-05]]"
10,0.5493676066398621,0.8461458086967468,0.9833421111106873,0.4551188051700592,0.8800675868988037,0.9894746541976929,"[[5.4938626e-02 1.8821856e-01 4.5187838e-02 ... 4.9461327e-02
  4.0243500e-01 1.2842732e-02]
 [5.7982862e-02 3.0812781e-02 6.6035864e-06 ... 4.6074974e-06
  2.1286052e-08 1.8197321e-05]
 [4.5709676e-06 5.2032751e-06 9.7051269e-01 ... 3.8080501e-08
  8.5281194e-08 2.2679772e-03]
 ...
 [4.2935275e-03 1.8073185e-03 3.2165947e-03 ... 8.2498652e-01
  1.6430205e-01 6.4449612e-04]
 [2.1571195e-10 5.7841088e-08 8.2120340e-07 ... 8.4375900e-12
  2.6813064e-08 2.2960103e-13]
 [2.6345853e-05 4.2334394e-04 1.2801344e-03 ... 3.1015022e-06
  2.5591167e-04 6.7169012e-06]]"
11,0.5346124172210693,0.852135419845581,0.984302282333374,0.4376550018787384,0.896537184715271,0.9909713268280029,"[[5.7082910e-02 1.5361243e-01 6.1200574e-02 ... 6.9602311e-02
  3.6650103e-01 2.6189968e-02]
 [2.0213649e-01 7.2505131e-02 9.9058278e-05 ... 1.4358402e-04
  7.3220366e-07 1.9434182e-04]
 [1.1136164e-04 1.7258459e-04 9.0505296e-01 ... 5.8449846e-06
  4.0201235e-06 1.7939953e-02]
 ...
 [6.1183791e-03 1.6884705e-03 3.4378537e-03 ... 9.2311102e-01
  6.4328708e-02 6.0029206e-04]
 [1.0706931e-09 1.4588433e-07 2.2599522e-06 ... 1.7219652e-10
  5.4129299e-07 2.8652530e-12]
 [3.6323127e-05 2.4082269e-04 1.4971350e-03 ... 1.2889788e-05
  7.9083833e-04 4.8981860e-06]]"
12,0.526741087436676,0.8515104055404663,0.9846944808959961,0.4356297254562378,0.8851351141929626,0.9914101958274841,"[[8.94967169e-02 1.63447738e-01 7.72756264e-02 ... 7.36703798e-02
  3.73689890e-01 3.13452221e-02]
 [7.02548623e-02 5.10878637e-02 1.40599304e-05 ... 7.57973112e-06
  8.15048224e-08 2.82186556e-05]
 [2.62573794e-05 6.30071663e-05 8.81163180e-01 ... 6.34578100e-07
  1.05323204e-06 1.36960030e-03]
 ...
 [3.22901225e-03 2.65363790e-03 1.05202687e-03 ... 8.78287077e-01
  1.14074096e-01 2.97536928e-04]
 [1.15710352e-09 1.37809323e-07 4.73225811e-07 ... 8.30869817e-11
  3.05521553e-07 4.55643444e-13]
 [2.28486933e-05 5.02416515e-05 1.69958675e-03 ... 4.60568890e-06
  1.75875437e-04 4.98109102e-06]]"
13,0.5192417502403259,0.8569791913032532,0.9852174520492554,0.41730159521102905,0.8889358043670654,0.9911507964134216,"[[3.2518309e-02 2.3003364e-01 8.0956481e-02 ... 4.2577196e-02
  3.7680414e-01 2.9501917e-02]
 [1.7925695e-01 1.1973027e-02 6.9294988e-06 ... 2.4721089e-06
  9.7138908e-10 3.3338001e-05]
 [3.2109685e-05 5.3922940e-05 9.0596187e-01 ... 1.7790055e-07
  3.3245900e-07 9.6560987e-03]
 ...
 [3.7368974e-03 9.1368036e-04 2.0379054e-03 ... 9.4560421e-01
  4.7018915e-02 3.9242001e-04]
 [8.4383701e-11 6.6708687e-08 1.4158573e-07 ... 6.6435555e-12
  2.5336828e-07 3.4667776e-13]
 [9.8127939e-06 3.6555552e-04 3.1325073e-04 ... 3.8664889e-06
  1.4034574e-03 4.7456460e-06]]"
14,0.5202343463897705,0.8548437356948853,0.9851593971252441,0.43262094259262085,0.8885135054588318,0.9908562898635864,"[[8.60284716e-02 1.97787970e-01 1.09467670e-01 ... 6.81727603e-02
  2.83550709e-01 7.12246075e-02]
 [9.55217555e-02 1.92207843e-02 3.44180808e-05 ... 2.37511795e-05
  9.41862481e-08 1.33542751e-04]
 [2.42154283e-06 3.46457928e-05 9.68317568e-01 ... 2.51562881e-07
  2.48079743e-07 1.45854987e-03]
 ...
 [5.91471558e-03 1.06951152e-03 1.77195761e-03 ... 9.57933187e-01
  3.23375836e-02 6.29228307e-04]
 [3.81259413e-10 1.64032627e-07 5.74133310e-07 ... 4.16950120e-11
  2.22998636e-07 1.03540735e-11]
 [8.68190818e-06 2.27462206e-05 7.22190551e-03 ... 2.83811528e-06
  7.26796934e-05 1.71461852e-05]]"
15,0.5154475569725037,0.8586978912353516,0.9852577447891235,0.41844314336776733,0.8927364945411682,0.9916841387748718,"[[8.02654773e-02 1.58970237e-01 1.08717658e-01 ... 7.21846372e-02
  2.93270051e-01 5.29688671e-02]
 [1.68702811e-01 2.91583780e-02 3.27895541e-05 ... 4.13253911e-05
  7.80955389e-08 2.21506562e-04]
 [2.18437835e-05 9.68503009e-05 9.09439325e-01 ... 6.82921268e-07
  1.83264206e-07 6.73229992e-03]
 ...
 [2.47952132e-03 3.78655939e-04 1.29121239e-04 ... 9.95053947e-01
  1.65962079e-03 2.26572898e-04]
 [2.70536538e-10 2.23748273e-07 2.04022783e-07 ... 1.01045464e-10
  5.56419195e-07 5.81790996e-12]
 [5.41644913e-05 1.68681741e-04 2.29797699e-03 ... 1.06322996e-05
  2.29454192e-04 1.77917645e-05]]"
16,0.5135173797607422,0.8618229031562805,0.9854047298431396,0.4384085237979889,0.8796452879905701,0.9911600351333618,"[[7.97780380e-02 1.36416107e-01 1.24948062e-01 ... 5.43446206e-02
  2.82428265e-01 4.81624976e-02]
 [4.95089628e-02 3.58428024e-02 9.71096160e-05 ... 4.32980996e-05
  8.45800685e-07 5.35675033e-04]
 [2.31185786e-05 1.00326506e-04 9.70119357e-01 ... 1.51919276e-05
  1.84102864e-05 2.10642759e-02]
 ...
 [2.35491013e-03 4.48697305e-04 1.90214021e-03 ... 9.09133911e-01
  8.52294788e-02 4.18547890e-04]
 [1.12663268e-10 1.29182325e-07 8.16622503e-07 ... 7.45820072e-11
  4.53351760e-07 2.68869432e-12]
 [3.78954064e-05 1.73014094e-04 8.27373657e-03 ... 1.49196057e-05
  2.04533758e-03 2.44300409e-05]]"
17,0.49507954716682434,0.8647916913032532,0.9866160154342651,0.37950053811073303,0.9066722989082336,0.9933170676231384,"[[4.6158060e-02 1.7223439e-01 9.5965900e-02 ... 5.3197581e-02
  3.8662213e-01 3.8576130e-02]
 [2.7914837e-01 2.4254275e-02 2.3047285e-05 ... 4.0973533e-05
  3.4149835e-08 1.4843969e-04]
 [1.2424892e-05 1.9955854e-05 9.7114486e-01 ... 1.3078965e-06
  5.8868812e-07 1.8532238e-03]
 ...
 [2.6374254e-03 6.9800887e-04 8.2201086e-04 ... 9.5483834e-01
  4.0601049e-02 1.6562729e-04]
 [1.9537259e-10 1.6581858e-07 7.5592419e-07 ... 1.3966327e-10
  2.2583670e-07 3.4980688e-12]
 [5.6898448e-06 7.1691655e-05 5.4350821e-04 ... 1.3860674e-06
  1.6910938e-04 2.0861501e-06]]"
18,0.49269190430641174,0.8620833158493042,0.9867193698883057,0.38886162638664246,0.9058277010917664,0.9931527376174927,"[[8.32469538e-02 1.63313657e-01 1.05490714e-01 ... 8.72411430e-02
  2.83775955e-01 5.81815094e-02]
 [1.99277997e-01 1.90173518e-02 9.29788166e-06 ... 2.40286899e-05
  1.07860219e-08 6.46490589e-05]
 [4.23116326e-05 1.32710047e-04 9.57940757e-01 ... 1.76772721e-06
  7.81430117e-07 6.57576649e-03]
 ...
 [9.83336940e-03 1.15441100e-03 6.85541308e-04 ... 9.76272404e-01
  1.13521852e-02 3.83739971e-04]
 [1.23687185e-10 1.51130152e-07 3.61312601e-07 ... 5.39087247e-11
  2.66683227e-08 5.03669372e-12]
 [4.78821421e-05 6.37468111e-05 2.83072866e-03 ... 2.60521779e-06
  4.50403422e-05 7.99841382e-06]]"
19,0.49141252040863037,0.8631250262260437,0.9866760969161987,0.374245822429657,0.9058277010917664,0.9935575723648071,"[[4.77048308e-02 2.90206343e-01 6.05463758e-02 ... 5.90902418e-02
  3.14214915e-01 4.32106778e-02]
 [2.19651029e-01 1.45486528e-02 7.34733621e-05 ... 2.40486006e-05
  6.46779839e-08 4.22383222e-04]
 [1.77650527e-05 1.15443574e-04 9.64182794e-01 ... 4.21922368e-06
  1.03640032e-05 5.67208789e-03]
 ...
 [2.35531991e-03 1.57735965e-04 4.50817861e-05 ... 9.82874513e-01
  1.45349503e-02 8.88409159e-06]
 [5.17618622e-11 2.26321788e-07 7.91218667e-07 ... 3.88752121e-11
  1.21898552e-07 3.57102325e-12]
 [3.37031747e-06 6.61432787e-05 8.29726574e-04 ... 2.73472182e-07
  1.13208152e-04 6.13115901e-07]]"
20,0.49404871463775635,0.8645312786102295,0.9866971373558044,0.3729606866836548,0.9058277010917664,0.9937756061553955,"[[7.8941368e-02 2.1313584e-01 5.9595473e-02 ... 7.2895311e-02
  3.8206303e-01 3.3479437e-02]
 [2.9643309e-01 1.7071933e-02 6.8454770e-05 ... 5.6045770e-05
  4.8356164e-08 2.6926739e-04]
 [3.4305474e-05 9.3565337e-05 9.3787616e-01 ... 2.0865136e-06
  1.0740970e-05 6.5530026e-03]
 ...
 [3.9124689e-03 7.7196339e-04 6.7320281e-05 ... 9.8198485e-01
  1.3129649e-02 6.9485679e-05]
 [7.0076500e-11 4.4384130e-08 5.0024017e-08 ... 5.8222442e-12
  3.7049332e-08 5.9339724e-13]
 [3.3383094e-06 8.2755927e-05 9.5149524e-05 ... 6.5966253e-07
  3.0100928e-04 6.5302885e-07]]"
21,0.4783557653427124,0.8696354031562805,0.9875949621200562,0.45104676485061646,0.8783783912658691,0.9898571968078613,"[[4.1780051e-02 1.0424944e-01 1.2600625e-01 ... 6.9802940e-02
  3.0093172e-01 5.0555337e-02]
 [6.8390839e-02 7.0773852e-03 1.1780634e-05 ... 7.3663409e-06
  2.1827233e-08 8.6424647e-05]
 [2.1092965e-04 9.2014822e-04 9.1226566e-01 ... 1.2594698e-05
  8.4861113e-06 3.1539828e-02]
 ...
 [1.5919819e-02 5.9555792e-03 4.0143365e-03 ... 8.8442975e-01
  8.4041253e-02 2.4790857e-03]
 [3.3660991e-11 1.9476166e-08 1.7490744e-07 ... 1.5094377e-11
  7.7850331e-09 1.5829268e-12]
 [3.0143014e-05 2.2048906e-04 3.9781649e-03 ... 4.1491534e-05
  2.4323717e-03 3.0484433e-05]]"
22,0.4836069345474243,0.8690624833106995,0.9871593713760376,0.38898637890815735,0.9037162065505981,0.9919204115867615,"[[2.92121731e-02 1.36641443e-01 1.03624180e-01 ... 3.47893424e-02
  3.31647843e-01 3.87185216e-02]
 [1.24744199e-01 9.81426332e-03 5.65749644e-07 ... 5.32476122e-07
  8.56471075e-11 1.59196261e-05]
 [5.88071707e-05 2.04732089e-04 9.29767907e-01 ... 4.24674545e-06
  5.74087835e-06 4.13715057e-02]
 ...
 [2.06175447e-03 1.25355233e-04 1.52341774e-04 ... 9.86681640e-01
  1.08763352e-02 3.34995311e-05]
 [3.77746862e-10 1.00394431e-07 2.39026093e-07 ... 1.15416045e-11
  2.39825599e-08 2.29667414e-12]
 [4.88508704e-06 2.04908763e-04 9.94125847e-04 ... 7.67931624e-07
  3.75739357e-04 3.96802307e-06]]"
23,0.483575701713562,0.8640103936195374,0.9870220422744751,0.3948540687561035,0.9032939076423645,0.9922052621841431,"[[2.7627440e-02 9.1461845e-02 4.5040511e-02 ... 4.8349351e-02
  3.9460367e-01 1.5010805e-02]
 [4.7171127e-02 1.3038635e-02 1.4645415e-05 ... 6.7620672e-06
  2.4551969e-08 2.3404836e-04]
 [4.3744490e-06 1.3759138e-05 9.8432297e-01 ... 5.1962411e-07
  1.9117870e-07 9.7091850e-03]
 ...
 [2.7585749e-03 2.7602629e-04 7.1413600e-04 ... 9.8868954e-01
  7.1479287e-03 2.9203887e-04]
 [6.3680623e-11 3.5368700e-08 2.1321637e-07 ... 6.6892290e-12
  5.0165210e-09 1.8001825e-12]
 [4.2184397e-06 1.0228588e-05 2.2122192e-03 ... 9.9962131e-07
  6.4404645e-05 2.5663155e-06]]"
24,0.48127853870391846,0.8663541674613953,0.9871169328689575,0.3825562596321106,0.9054054021835327,0.9933117628097534,"[[5.29406220e-02 1.85419679e-01 6.58350587e-02 ... 5.78185916e-02
  3.87007922e-01 2.80169938e-02]
 [3.09491724e-01 1.11345109e-02 5.94667690e-05 ... 8.00266571e-06
  1.47872301e-08 3.66844324e-04]
 [2.34714593e-04 1.05014362e-03 9.26421225e-01 ... 1.52229641e-05
  1.53117526e-05 3.37672979e-02]
 ...
 [1.42075634e-03 2.01563831e-04 1.93185071e-04 ... 9.91344690e-01
  6.75032334e-03 4.47405400e-05]
 [3.82220033e-10 1.84638850e-07 1.02151986e-07 ... 1.06590821e-11
  5.28561150e-09 1.99998395e-12]
 [1.77475304e-05 2.14854619e-04 3.13151884e-03 ... 3.82501094e-06
  8.54797720e-04 6.08490336e-06]]"
25,0.47269201278686523,0.8726562261581421,0.9879401922225952,0.38406190276145935,0.9054054021835327,0.9928804636001587,"[[4.4097859e-02 1.5015884e-01 9.6627422e-02 ... 6.5825582e-02
  3.4161419e-01 3.6782332e-02]
 [1.2308491e-01 1.7973432e-02 4.6719470e-06 ... 1.8760920e-06
  5.8272072e-09 6.6846871e-05]
 [1.1148853e-05 6.9042282e-05 9.7477186e-01 ... 4.6612740e-07
  2.3350219e-06 8.2631566e-04]
 ...
 [1.7725633e-03 9.8117496e-05 1.2992558e-04 ... 9.9691534e-01
  8.2704658e-04 1.6927900e-04]
 [1.8548717e-10 6.7337787e-08 3.1307454e-08 ... 1.0895075e-11
  3.4166598e-09 6.2818734e-13]
 [6.4942010e-06 9.4901647e-05 2.4848729e-03 ... 1.9113102e-06
  2.9823722e-04 3.7280111e-06]]"
26,0.47206318378448486,0.8723958134651184,0.9877367615699768,0.3723200559616089,0.912162184715271,0.9930529594421387,"[[1.1783615e-01 2.4601655e-01 1.6511165e-01 ... 3.4749806e-02
  1.9172910e-01 5.3753383e-02]
 [3.1079388e-01 1.7621865e-02 9.7298660e-05 ... 2.2037058e-05
  9.5916370e-08 5.0812302e-04]
 [9.0625662e-07 3.9576116e-06 9.7955251e-01 ... 2.7979877e-07
  1.4872718e-07 5.7353248e-04]
 ...
 [9.2956761e-04 4.4576453e-05 3.3401924e-05 ... 9.9767101e-01
  1.2946134e-03 1.7018498e-05]
 [4.3718119e-11 1.5370402e-08 1.8678806e-07 ... 1.0636546e-10
  5.9875096e-09 2.0876189e-12]
 [1.4843507e-06 1.2554932e-06 2.2304568e-03 ... 1.0825055e-07
  1.0624270e-05 3.9299431e-07]]"
27,0.4797852635383606,0.8683854341506958,0.9871375560760498,0.4015474021434784,0.8948479890823364,0.9924542903900146,"[[6.0068648e-02 8.9885466e-02 1.5876783e-01 ... 9.2694230e-02
  2.5774035e-01 6.8321839e-02]
 [8.0007799e-02 5.3608781e-03 4.4461003e-06 ... 2.4592036e-06
  2.1725761e-09 5.1169834e-05]
 [1.5565192e-06 6.4973337e-06 9.8609740e-01 ... 2.6216111e-07
  3.4927240e-07 1.8805312e-03]
 ...
 [2.0835944e-03 3.1194944e-04 8.9712965e-04 ... 9.7277296e-01
  2.3441378e-02 2.0616829e-04]
 [2.6611224e-10 7.4625412e-08 8.2569130e-07 ... 6.4875043e-11
  9.6150785e-09 1.2300481e-11]
 [6.3537993e-07 3.6226775e-06 1.3402874e-03 ... 2.8120485e-07
  5.8709269e-05 9.9515478e-07]]"
28,0.4603646397590637,0.875989556312561,0.9882566928863525,0.37213432788848877,0.9070945978164673,0.9930049777030945,"[[6.5666869e-02 1.5912941e-01 9.7472087e-02 ... 7.7423200e-02
  3.0153954e-01 5.4423012e-02]
 [1.5434657e-01 7.7289543e-03 8.7023773e-06 ... 2.0299688e-06
  1.7221491e-09 1.7047361e-04]
 [6.4624282e-06 1.8668794e-05 9.5236963e-01 ... 2.0042008e-07
  4.0140728e-07 1.3740121e-03]
 ...
 [1.5500027e-03 7.6798227e-05 1.7625831e-05 ... 9.9797261e-01
  3.6261763e-04 1.1731675e-05]
 [1.3479058e-10 4.9702944e-08 3.7280710e-08 ... 3.7779124e-12
  8.6327079e-10 1.3386297e-12]
 [9.7353577e-06 1.2544042e-04 1.3814741e-03 ... 8.8051371e-07
  3.5500684e-04 3.2692192e-06]]"
29,0.46000269055366516,0.8756250143051147,0.9883226156234741,0.38024988770484924,0.9058277010917664,0.9932454824447632,"[[7.8012325e-02 1.3852063e-01 1.7041528e-01 ... 5.1608473e-02
  2.7129439e-01 6.7942165e-02]
 [1.6141026e-01 1.9119170e-02 5.3945064e-06 ... 3.5337305e-06
  4.6804782e-09 4.2496522e-05]
 [1.1978553e-05 4.2760345e-05 9.1741788e-01 ... 1.1560662e-06
  3.3047215e-06 2.1930262e-03]
 ...
 [4.1229594e-03 4.4492178e-04 4.1286525e-04 ... 9.8333162e-01
  1.1227183e-02 2.3662168e-04]
 [3.4009093e-10 2.4268596e-07 4.6940357e-07 ... 8.7563698e-12
  1.4655123e-08 7.7150101e-12]
 [3.1931252e-06 6.8431177e-06 4.8474860e-03 ... 1.0571688e-06
  2.1302490e-04 3.6848385e-06]]"
30,0.46182724833488464,0.8750520944595337,0.9883168935775757,0.36445650458335876,0.9108952879905701,0.9932973384857178,"[[4.0078506e-02 1.8663442e-01 7.2824880e-02 ... 7.1194641e-02
  3.0094361e-01 5.9768226e-02]
 [1.3741925e-01 4.5933491e-03 1.2748671e-06 ... 2.2879615e-07
  7.4192465e-11 8.5823531e-06]
 [2.2687584e-06 7.7665936e-05 9.6327209e-01 ... 3.2057463e-07
  6.7832127e-07 4.1085104e-03]
 ...
 [9.9069346e-04 9.0888425e-05 2.2852562e-05 ... 9.9506056e-01
  3.8107643e-03 8.5528427e-06]
 [2.9341723e-11 2.3810825e-08 8.2842853e-08 ... 5.3259120e-12
  3.0881320e-09 3.5306269e-13]
 [2.6306299e-07 2.8178663e-06 6.6356792e-04 ... 1.7323150e-07
  1.2886056e-04 9.9011913e-07]]"
31,0.46881353855133057,0.8754166960716248,0.9876132607460022,0.3722664415836334,0.9058277010917664,0.992965579032898,"[[4.4255875e-02 1.8861274e-01 1.0759955e-01 ... 4.7430214e-02
  2.9012138e-01 5.4091413e-02]
 [1.0516591e-01 3.7717179e-03 2.8080785e-06 ... 1.2036277e-06
  2.2645590e-10 1.7343029e-05]
 [9.4104034e-06 1.7584914e-04 8.6364484e-01 ... 1.2071719e-06
  2.8115383e-06 2.1243035e-03]
 ...
 [2.1612623e-03 3.5502075e-04 2.3767991e-05 ... 9.9195135e-01
  5.4800245e-03 1.0070289e-05]
 [1.0578674e-10 1.4614487e-07 7.5536656e-07 ... 2.4937436e-11
  2.6793428e-08 1.6561035e-12]
 [3.9346296e-06 9.8067241e-05 1.1024456e-03 ... 5.1604616e-07
  4.7437008e-04 4.0209020e-06]]"
32,0.4644164443016052,0.8739062547683716,0.9879411458969116,0.38202643394470215,0.9037162065505981,0.9922797679901123,"[[6.2757678e-02 1.0792935e-01 1.3236576e-01 ... 5.3116348e-02
  2.5030917e-01 4.3812346e-02]
 [1.1740928e-01 2.2862367e-03 1.2920046e-05 ... 3.5256421e-06
  3.1024450e-09 8.9852751e-05]
 [9.3774810e-07 5.4045772e-06 9.8505908e-01 ... 1.4709684e-07
  1.5138716e-07 1.0674380e-03]
 ...
 [1.0597819e-02 3.6324337e-03 1.7980307e-03 ... 9.5740771e-01
  2.5554627e-02 4.1645759e-04]
 [3.9995646e-12 2.7362203e-08 5.7621787e-07 ... 3.0721580e-12
  2.2893776e-09 8.5397352e-13]
 [1.0752698e-06 6.2728282e-06 1.5969784e-03 ... 5.3404375e-07
  1.0990761e-04 1.6434982e-06]]"
33,0.4548006057739258,0.8793749809265137,0.9887746572494507,0.3806518614292145,0.8999155163764954,0.9925836324691772,"[[3.1917959e-02 1.0763481e-01 1.2588385e-01 ... 5.3936590e-02
  3.4523872e-01 5.2316707e-02]
 [1.9389832e-01 7.1346988e-03 2.0846626e-06 ... 2.9285040e-06
  2.4087424e-10 5.8308589e-05]
 [1.7465895e-06 8.1130866e-06 9.9263757e-01 ... 2.4975006e-07
  5.4518260e-08 1.8879311e-03]
 ...
 [2.3403538e-03 1.3308332e-03 1.0980043e-04 ... 9.5245832e-01
  4.3500729e-02 5.4850578e-05]
 [1.7213412e-12 1.0646403e-08 1.1733939e-08 ... 8.4771307e-13
  8.2700846e-10 3.2628292e-14]
 [1.0269733e-06 4.6248874e-06 1.7142672e-03 ... 3.5603222e-07
  6.1263760e-05 7.9809553e-07]]"
34,0.45847558975219727,0.8751041889190674,0.9885900020599365,0.39457935094833374,0.896537184715271,0.9917342662811279,"[[4.70624380e-02 6.68989345e-02 5.07211089e-02 ... 8.40041190e-02
  3.87589037e-01 2.39129830e-02]
 [2.33306196e-02 1.72758917e-03 5.91141962e-08 ... 2.26586920e-07
  1.08208555e-11 3.83618999e-06]
 [5.36760524e-07 1.52511700e-06 9.84889746e-01 ... 4.45442900e-08
  3.10017008e-08 3.23484302e-04]
 ...
 [1.37805019e-03 3.08508606e-04 1.22206126e-04 ... 9.90242660e-01
  7.81618059e-03 4.46112608e-05]
 [4.20056177e-12 8.36735037e-09 4.91230416e-08 ... 1.02958636e-12
  4.19496993e-10 4.40472515e-14]
 [2.49019791e-07 3.53756855e-06 2.20638365e-04 ... 3.62224384e-08
  1.45157519e-05 3.42382442e-08]]"
35,0.46352142095565796,0.8751041889190674,0.9881251454353333,0.3957693576812744,0.8994932174682617,0.9922856092453003,"[[6.4221747e-02 1.3894175e-01 1.3154249e-01 ... 8.3399393e-02
  3.0800131e-01 6.2116683e-02]
 [1.2813637e-01 4.2197965e-03 2.3019891e-06 ... 1.5587204e-07
  3.9697471e-11 2.1355936e-05]
 [4.3262500e-07 3.3081405e-06 9.7562301e-01 ... 4.1278035e-08
  5.9043654e-08 1.7255233e-04]
 ...
 [1.4701011e-02 6.4758179e-03 1.9894214e-03 ... 9.2424446e-01
  4.9665768e-02 1.1143291e-03]
 [2.9141873e-12 3.3984162e-09 8.4267256e-08 ... 1.7407274e-13
  1.7862606e-10 9.3455991e-14]
 [5.5854184e-07 1.5194170e-06 2.0884785e-03 ... 7.7783497e-08
  1.5782489e-05 4.5615599e-07]]"
36,0.4512230455875397,0.8776562213897705,0.9888323545455933,0.3756474554538727,0.9066722989082336,0.9932918548583984,"[[5.4911043e-02 1.0676350e-01 1.0657798e-01 ... 4.9208827e-02
  3.8218540e-01 3.7691757e-02]
 [2.7507942e-02 9.7962189e-03 2.0545820e-06 ... 1.5775518e-06
  5.8176353e-09 2.9205468e-05]
 [4.0201638e-07 1.3840081e-06 9.9071580e-01 ... 1.3259395e-07
  1.2306062e-07 1.4738663e-04]
 ...
 [4.8954473e-03 8.6304941e-04 1.0633826e-04 ... 9.8056316e-01
  1.3390456e-02 8.7163200e-05]
 [1.9216186e-11 1.3820396e-08 5.6787339e-08 ... 9.1275121e-13
  9.5524388e-10 9.2111750e-14]
 [2.7019501e-06 1.3826695e-05 5.1933969e-03 ... 1.2335087e-06
  3.4890600e-04 2.1972437e-06]]"
37,0.44667118787765503,0.8799479007720947,0.9892407059669495,0.37228888273239136,0.9066722989082336,0.993064284324646,"[[5.71983606e-02 1.65389031e-01 1.05997875e-01 ... 4.96721864e-02
  3.60069901e-01 3.20793986e-02]
 [4.78288159e-02 9.97994281e-03 5.66928350e-07 ... 1.61677451e-06
  5.92864813e-10 1.36049439e-05]
 [9.99489544e-07 2.71550334e-06 9.76923347e-01 ... 1.10699311e-07
  3.35913484e-07 1.48680847e-04]
 ...
 [5.89118479e-03 2.05897260e-03 1.68853046e-04 ... 9.77386415e-01
  1.43549945e-02 6.45834225e-05]
 [2.41079097e-12 2.95695757e-09 1.08372475e-08 ... 4.82785741e-13
  9.22687413e-11 7.81488437e-15]
 [6.54685195e-08 1.16318620e-06 6.86246902e-04 ... 5.48399059e-09
  2.68860804e-05 1.80024511e-08]]"
